epoch,totalReward,averageSpeed,gameEndedByCrush
1,44,-106.9254,59.386902,1
2,76,-105.036339,188.43988,1
3,160,-6.712822,470.214539,1
4,163,5.343758,451.739319,1
5,1,-100.0,606.897156,1
6,1,-100.0,486.07901,1
7,166,7.213783,455.235565,1
8,1,-100.0,465.650299,1
9,1,-100.0,250.047577,1
10,445,295.81778,711.873413,1
11,1,-100.0,461.069397,1
12,165,-0.957367,454.061035,1
13,681,500.314514,727.953735,1
